SET LANGUAGE 'English'
SET DATEFORMAT ymd

USE QuanLyTourDuLich
GO

--
-- Inserting data into table dbo.DIADIEM
--
INSERT dbo.DIADIEM(MaDD, Country, City) VALUES (18, N'Poland', N'Monett')
INSERT dbo.DIADIEM(MaDD, Country, City) VALUES (78, N'Mauritius', N'Hanover')
INSERT dbo.DIADIEM(MaDD, Country, City) VALUES (69, N'Nigeria', N'West Bountiful')
INSERT dbo.DIADIEM(MaDD, Country, City) VALUES (79, N'Malawi', N'Kiryas Joel')
INSERT dbo.DIADIEM(MaDD, Country, City) VALUES (57, N'Lebanon', N'Hampton')
INSERT dbo.DIADIEM(MaDD, Country, City) VALUES (48, N'Mauritius', N'Watauga')
INSERT dbo.DIADIEM(MaDD, Country, City) VALUES (70, N'Netherlands', N'River Rouge')
INSERT dbo.DIADIEM(MaDD, Country, City) VALUES (31, N'Indonesia', N'Cleburne')
INSERT dbo.DIADIEM(MaDD, Country, City) VALUES (28, N'Albania', N'Valdosta')
INSERT dbo.DIADIEM(MaDD, Country, City) VALUES (80, N'Ecuador', N'Centralia')
INSERT dbo.DIADIEM(MaDD, Country, City) VALUES (58, N'Georgia', N'Aberdeen')
INSERT dbo.DIADIEM(MaDD, Country, City) VALUES (41, N'Sri Lanka', N'Peekskill')
INSERT dbo.DIADIEM(MaDD, Country, City) VALUES (19, N'Suriname', N'Presque Isle')
INSERT dbo.DIADIEM(MaDD, Country, City) VALUES (10, N'Singapore', N'Madera')
INSERT dbo.DIADIEM(MaDD, Country, City) VALUES (71, N'Peru', N'Burbank')
INSERT dbo.DIADIEM(MaDD, Country, City) VALUES (49, N'South Africa', N'El Monte')
INSERT dbo.DIADIEM(MaDD, Country, City) VALUES (32, N'Mauritania', N'Sherwood')
INSERT dbo.DIADIEM(MaDD, Country, City) VALUES (20, N'Ireland', N'Poteau')
INSERT dbo.DIADIEM(MaDD, Country, City) VALUES (11, N'Latvia', N'Oxford')
INSERT dbo.DIADIEM(MaDD, Country, City) VALUES (81, N'Spain', N'Troutdale')
GO

--
-- Inserting data into table dbo.HDV
--
INSERT dbo.HDV(MaHDV, CCCD, Hoten, SDT, Diachi, Birthday, Email) VALUES (50, '318623009013550', N'Abe Sims', '08084127856', N'892 White Buttonwood Blvd', '2013-10-23', 'GaleL_Elliott@exampl')
INSERT dbo.HDV(MaHDV, CCCD, Hoten, SDT, Diachi, Birthday, Email) VALUES (67, '801857023525376', N'Rocky Souza', '08007653873', N'854 SW Ski Hill Loop', '2013-09-15', 'Amaral@nowhere.com')
INSERT dbo.HDV(MaHDV, CCCD, Hoten, SDT, Diachi, Birthday, Email) VALUES (60, '540305885226634', N'Carina Summers', '08000157270', N'1992 Edgewood Ln', '2012-10-12', 'Fernandez@example.co')
INSERT dbo.HDV(MaHDV, CCCD, Hoten, SDT, Diachi, Birthday, Email) VALUES (77, '427216844006826', N'Jed Feliciano', '08087553712', N'859 Town Court', '2012-02-14', 'Beatty@nowhere.com')
INSERT dbo.HDV(MaHDV, CCCD, Hoten, SDT, Diachi, Birthday, Email) VALUES (68, '017524820891066', N'Dina Dykes', '08006680138', N'1730 Oak Hwy', '2017-05-04', 'mftalix5377@nowhere.')
INSERT dbo.HDV(MaHDV, CCCD, Hoten, SDT, Diachi, Birthday, Email) VALUES (78, '737590593356631', N'Joella Oconnell', '08087701016', N'2014 NW Sharp Hill Ave', '2012-03-15', 'Rhoades2@nowhere.com')
INSERT dbo.HDV(MaHDV, CCCD, Hoten, SDT, Diachi, Birthday, Email) VALUES (51, '284772581354518', N'Ambrose Tavares', '08088626202', N'882 Prospect Hill Avenue', '2012-06-10', 'Conyers337@nowhere.c')
INSERT dbo.HDV(MaHDV, CCCD, Hoten, SDT, Diachi, Birthday, Email) VALUES (69, '965550760786989', N'Trinidad Wright', '08081025887', N'1636 Rockwood Lane', '2015-05-15', 'Montoya@example.com')
INSERT dbo.HDV(MaHDV, CCCD, Hoten, SDT, Diachi, Birthday, Email) VALUES (19, '570774903792422', N'Devora Acker', '08007294781', N'780 Prospect Hill Ct', '2012-07-16', 'Pearce@nowhere.com')
INSERT dbo.HDV(MaHDV, CCCD, Hoten, SDT, Diachi, Birthday, Email) VALUES (61, '902878818487437', N'Odilia Archer', '08083757603', N'3657 SE Meadowview Pkwy', '2013-06-23', 'Adler364@example.com')
INSERT dbo.HDV(MaHDV, CCCD, Hoten, SDT, Diachi, Birthday, Email) VALUES (79, '194258930345302', N'David Plante', '08000739340', N'1108 Hidden Town Rd', '2012-02-26', 'Mackenzie_Martell4@e')
INSERT dbo.HDV(MaHDV, CCCD, Hoten, SDT, Diachi, Birthday, Email) VALUES (88, '232145134375699', N'Brigid Jaramillo', '08006931459', N'872 Rose Hill Pkwy', '2018-04-01', 'Sheehan@example.com')
INSERT dbo.HDV(MaHDV, CCCD, Hoten, SDT, Diachi, Birthday, Email) VALUES (70, '309715073006712', N'Jed Abreu', '08083794833', N'64 2nd Street', '2017-04-23', 'atqak2@example.com')
INSERT dbo.HDV(MaHDV, CCCD, Hoten, SDT, Diachi, Birthday, Email) VALUES (96, '548287554164166', N'Evonne East', '08003416191', N'3814 Cedar Tree Ct', '2015-06-18', 'AbelSwan85@nowhere.c')
INSERT dbo.HDV(MaHDV, CCCD, Hoten, SDT, Diachi, Birthday, Email) VALUES (52, '754468241517667', N'Mattie Acker', '08001995850', N'732 Church Dr', '2005-08-01', 'wcpd02@nowhere.com')
INSERT dbo.HDV(MaHDV, CCCD, Hoten, SDT, Diachi, Birthday, Email) VALUES (80, '825062701436971', N'Junior House', '08009940950', N'165 Hidden Woodland Lane', '2014-01-16', 'Slaton8@example.com')
INSERT dbo.HDV(MaHDV, CCCD, Hoten, SDT, Diachi, Birthday, Email) VALUES (89, '098075059087656', N'Dollie Howard', '08000176341', N'677 Pine Tree Blvd', '2015-08-19', 'onglhb26@example.com')
INSERT dbo.HDV(MaHDV, CCCD, Hoten, SDT, Diachi, Birthday, Email) VALUES (71, '705034876073964', N'Margene Mata', '08002664853', N'2229 South Ashwood Loop', '2017-03-28', 'Powell@nowhere.com')
INSERT dbo.HDV(MaHDV, CCCD, Hoten, SDT, Diachi, Birthday, Email) VALUES (62, '711624824347291', N'Mark Irizarry', '08086327031', N'971 Old Market Ave', '2013-07-18', 'Aiko.Conners@example')
INSERT dbo.HDV(MaHDV, CCCD, Hoten, SDT, Diachi, Birthday, Email) VALUES (97, '431973419588490', N'Rivka Noel', '08003964496', N'1978 Hidden Rock Hill Blvd', '2017-10-17', 'tiwjft5@nowhere.com')
GO

--
-- Inserting data into table dbo.KHACHHANG
--
INSERT dbo.KHACHHANG(CCCD, Hoten, SDT, Diachi, Birthday, Email) VALUES (1305, N'Catherina Overstreet', '08089689951', N'99 NE Sharp Hill Parkway', '2019-04-23', 'Jerold_Overstreet872')
INSERT dbo.KHACHHANG(CCCD, Hoten, SDT, Diachi, Birthday, Email) VALUES (1469, N'Stacey Mccune', '08085648834', N'2470 N Lake Dr', '2011-04-25', 'BerylCarlin@nowhere.')
INSERT dbo.KHACHHANG(CCCD, Hoten, SDT, Diachi, Birthday, Email) VALUES (1763, N'Abram Koontz', '08009386579', N'85 NW Buttonwood Street', '2019-05-20', 'NakeshaWallis12@nowh')
INSERT dbo.KHACHHANG(CCCD, Hoten, SDT, Diachi, Birthday, Email) VALUES (1811, N'Garth Stahl', '08087855946', N'59 W Stonewood Ln', '2019-01-25', 'Colby_D.Reyna@exampl')
INSERT dbo.KHACHHANG(CCCD, Hoten, SDT, Diachi, Birthday, Email) VALUES (1663, N'Adelaide Bridges', '08086839967', N'82 Ironwood Street', '2016-12-18', 'RolfRoot638@nowhere.')
INSERT dbo.KHACHHANG(CCCD, Hoten, SDT, Diachi, Birthday, Email) VALUES (1910, N'Onita Kurtz', '08086353905', N'473 Parkwood Lane', '2014-05-09', 'MelonyLange8@nowhere')
INSERT dbo.KHACHHANG(CCCD, Hoten, SDT, Diachi, Birthday, Email) VALUES (1570, N'Letha Begley', '08087464221', N'384 Glenwood Hwy', '2018-12-03', 'fyjjyast.yioss@examp')
INSERT dbo.KHACHHANG(CCCD, Hoten, SDT, Diachi, Birthday, Email) VALUES (1470, N'Norberto Abreu', '08005926148', N'668 2nd Lane', '2012-06-22', 'Coburn782@example.co')
INSERT dbo.KHACHHANG(CCCD, Hoten, SDT, Diachi, Birthday, Email) VALUES (1176, N'Holly Estrada', '08002072016', N'2165 White Stonewood Loop', '2014-03-19', 'AugustCasey458@examp')
INSERT dbo.KHACHHANG(CCCD, Hoten, SDT, Diachi, Birthday, Email) VALUES (1571, N'Alex Correia', '08004989999', N'856 Market Blvd', '2018-02-17', 'Addie_BGillen185@exa')
INSERT dbo.KHACHHANG(CCCD, Hoten, SDT, Diachi, Birthday, Email) VALUES (1471, N'Jacob Acuna', '08081631600', N'2691 Oak Ct', '2015-03-10', 'BuckCarver85@nowhere')
INSERT dbo.KHACHHANG(CCCD, Hoten, SDT, Diachi, Birthday, Email) VALUES (1572, N'Haley Otis', '08083082186', N'505 Chapel Hill Ave', '2012-01-05', 'LynelleLyles828@nowh')
INSERT dbo.KHACHHANG(CCCD, Hoten, SDT, Diachi, Birthday, Email) VALUES (1472, N'Billye Arndt', '08002153265', N'92 Old Brentwood Ct', '2013-10-28', 'IdaliaJMagee@nowhere')
INSERT dbo.KHACHHANG(CCCD, Hoten, SDT, Diachi, Birthday, Email) VALUES (1076, N'Irving Dupre', '08088050269', N'3246 N Rockwood Blvd', '2015-07-14', 'Ahrens88@example.com')
INSERT dbo.KHACHHANG(CCCD, Hoten, SDT, Diachi, Birthday, Email) VALUES (1764, N'Derick Squires', '08005217269', N'725 Waterview Highway', '2015-12-29', 'WillaAponte@nowhere.')
INSERT dbo.KHACHHANG(CCCD, Hoten, SDT, Diachi, Birthday, Email) VALUES (1177, N'Cristen Acevedo', '08088937153', N'3886 NW Oak Ln', '2012-07-01', 'qvgkbnex3442@example')
INSERT dbo.KHACHHANG(CCCD, Hoten, SDT, Diachi, Birthday, Email) VALUES (1812, N'Buster Agnew', '08004478020', N'497 Lake Way', '2017-07-23', 'HargroveI1@example.c')
INSERT dbo.KHACHHANG(CCCD, Hoten, SDT, Diachi, Birthday, Email) VALUES (1205, N'Kenneth Abernathy', '08003174318', N'2363 Buttonwood Court', '2013-07-19', 'Akin@example.com')
INSERT dbo.KHACHHANG(CCCD, Hoten, SDT, Diachi, Birthday, Email) VALUES (1306, N'Bert Acevedo', '08083355011', N'830 S Prospect Hill Parkway', '2020-08-26', 'Cleveland79@example.')
INSERT dbo.KHACHHANG(CCCD, Hoten, SDT, Diachi, Birthday, Email) VALUES (1206, N'Abby Cormier', '08089833169', N'1562 2nd Lane', '2012-09-25', 'Miyoko_Pence168@exam')
GO

--
-- Inserting data into table dbo.NHANVIEN
--
INSERT dbo.NHANVIEN(MaNV, CCCD, Hoten, SDT, Diachi, Birthday, Passwrd, Email) VALUES (67, '868387298232630', N'Abdul Franz', '08080824051', N'2705 Oak Ln', '2016-08-05', 'Duck', 'DeeannaAbreu59@examp')
INSERT dbo.NHANVIEN(MaNV, CCCD, Hoten, SDT, Diachi, Birthday, Passwrd, Email) VALUES (99, '930757592857080', N'Dana Bethea', '08000471372', N'2330 South Pine Tree Circle', '2015-07-08', 'Arthur', 'Landers237@example.c')
INSERT dbo.NHANVIEN(MaNV, CCCD, Hoten, SDT, Diachi, Birthday, Passwrd, Email) VALUES (35, '964918199394696', N'Jeromy Vanburen', '08086294628', N'3373 Rockwood Ct', '2012-01-07', '11 1971', 'Trevino@example.com')
INSERT dbo.NHANVIEN(MaNV, CCCD, Hoten, SDT, Diachi, Birthday, Passwrd, Email) VALUES (45, '360585645088167', N'Adan May', '08081183575', N'1349 S Highland Hwy', '2013-11-26', 'Woodbridge', 'Tequila.Ackerman@now')
INSERT dbo.NHANVIEN(MaNV, CCCD, Hoten, SDT, Diachi, Birthday, Passwrd, Email) VALUES (28, '952464916404311', N'Charline Berman', '08009481374', N'171 Pine Tree St', '2016-02-16', 'Yamaha YZF-R1 2007', 'Dukes@example.com')
INSERT dbo.NHANVIEN(MaNV, CCCD, Hoten, SDT, Diachi, Birthday, Passwrd, Email) VALUES (55, '531071678722307', N'Roosevelt Lloyd', '08009462053', N'76 SE Rock Hill Lane', '2016-01-17', 'Emily', 'Ryan_Osburn798@nowhe')
INSERT dbo.NHANVIEN(MaNV, CCCD, Hoten, SDT, Diachi, Birthday, Passwrd, Email) VALUES (92, '242694646096178', N'Carson Burley', '08000768497', N'722 Market Blvd', '2014-03-12', 'Mary', 'Mcnulty@nowhere.com')
INSERT dbo.NHANVIEN(MaNV, CCCD, Hoten, SDT, Diachi, Birthday, Passwrd, Email) VALUES (36, '567161507782668', N'Gabriel Cheatham', '08007488673', N'936 W Riddle Hill Way', '2022-03-25', 'M&M''s', 'ugtfpjpb7956@example')
INSERT dbo.NHANVIEN(MaNV, CCCD, Hoten, SDT, Diachi, Birthday, Passwrd, Email) VALUES (65, '102387506561914', N'Elfrieda Fennell', '08009196154', N'23 Hunting Hill Lane', '2013-02-18', 'NY Public Primary School', 'Boynton3@nowhere.com')
INSERT dbo.NHANVIEN(MaNV, CCCD, Hoten, SDT, Diachi, Birthday, Passwrd, Email) VALUES (19, '061775917152660', N'Antone Coles', '08000047846', N'1019 Mountain Hwy', '2013-09-29', 'History', 'GaylordNunley878@now')
INSERT dbo.NHANVIEN(MaNV, CCCD, Hoten, SDT, Diachi, Birthday, Passwrd, Email) VALUES (56, '017986045286314', N'Adelaida Mcfall', '08006947243', N'466 Social Ct', '2018-05-11', 'Sep 10', 'sfstaej511@example.c')
INSERT dbo.NHANVIEN(MaNV, CCCD, Hoten, SDT, Diachi, Birthday, Passwrd, Email) VALUES (10, '539816995012618', N'Annemarie Bess', '08008827697', N'538 South Hope Pkwy', '2012-08-23', 'Smith', 'Anthony@example.com')
INSERT dbo.NHANVIEN(MaNV, CCCD, Hoten, SDT, Diachi, Birthday, Passwrd, Email) VALUES (66, '223141387172304', N'Vincenzo Pugh', '08083202536', N'2853 North Monument Avenue', '2012-01-10', 'Hawaii', 'rorntxnx.rmvpadwevb@')
INSERT dbo.NHANVIEN(MaNV, CCCD, Hoten, SDT, Diachi, Birthday, Passwrd, Email) VALUES (100, '573106058923587', N'Shon Abbott', '08085166064', N'1661 W Brentwood Hwy', '2012-10-25', 'Oatmeal', 'Acker78@example.com')
INSERT dbo.NHANVIEN(MaNV, CCCD, Hoten, SDT, Diachi, Birthday, Passwrd, Email) VALUES (20, '473063537577812', N'Rickie Gamble', '08085491949', N'3605 Parkwood Hwy', '2020-07-29', 'Classmates', 'RussDollar6@example.')
INSERT dbo.NHANVIEN(MaNV, CCCD, Hoten, SDT, Diachi, Birthday, Passwrd, Email) VALUES (46, '002752959392715', N'Darwin Warden', '08088779710', N'2957 NW Hazelwood Circle', '2018-08-12', 'Winnie the Pooh', 'DamionThornburg@exam')
INSERT dbo.NHANVIEN(MaNV, CCCD, Hoten, SDT, Diachi, Birthday, Passwrd, Email) VALUES (57, '860181521472871', N'Mario Wilde', '08006980447', N'3146 Chapel Hill Blvd', '2017-01-24', 'The Bronx High School of Science', 'xkjaxyqg.miuw@exampl')
INSERT dbo.NHANVIEN(MaNV, CCCD, Hoten, SDT, Diachi, Birthday, Passwrd, Email) VALUES (11, '724076470861517', N'Wilburn Copeland', '08081463270', N'624 W Waterview Ct', '2020-08-12', 'M&M''s', 'ElishaAbney3@example')
INSERT dbo.NHANVIEN(MaNV, CCCD, Hoten, SDT, Diachi, Birthday, Passwrd, Email) VALUES (48, '203261328264266', N'Madison Aguirre', '08080025356', N'935 White Fox Hill Ct', '2018-07-10', 'M&M''s', 'Mitchell.Dejesus@exa')
INSERT dbo.NHANVIEN(MaNV, CCCD, Hoten, SDT, Diachi, Birthday, Passwrd, Email) VALUES (37, '394603816899262', N'Carmelita Piper', '08004579294', N'1380 White Fox Hill Pkwy', '2012-01-07', 'Mozilla Firefox', 'Ronald_Marcus29@exam')
GO

--
-- Inserting data into table dbo.TOUR
--
INSERT dbo.TOUR(MaTour, TenTour, ThoiLuong, SoNguoiToiDa, GiaVe, GiaVeTE, DiemKH, TinhTrang) VALUES (96, N'n', 5, 50, 200000, 100000, 69, 0)
INSERT dbo.TOUR(MaTour, TenTour, ThoiLuong, SoNguoiToiDa, GiaVe, GiaVeTE, DiemKH, TinhTrang) VALUES (41, N'd', 4, 50, 200000, 100000, 41, 1)
INSERT dbo.TOUR(MaTour, TenTour, ThoiLuong, SoNguoiToiDa, GiaVe, GiaVeTE, DiemKH, TinhTrang) VALUES (10, N'x', 3, 50, 200000, 100000, 18, 1)
INSERT dbo.TOUR(MaTour, TenTour, ThoiLuong, SoNguoiToiDa, GiaVe, GiaVeTE, DiemKH, TinhTrang) VALUES (20, N'u', 5, 50, 200000, 100000, 78, 1)
INSERT dbo.TOUR(MaTour, TenTour, ThoiLuong, SoNguoiToiDa, GiaVe, GiaVeTE, DiemKH, TinhTrang) VALUES (11, N'n', 6, 50, 200000, 100000, 57, 1)
INSERT dbo.TOUR(MaTour, TenTour, ThoiLuong, SoNguoiToiDa, GiaVe, GiaVeTE, DiemKH, TinhTrang) VALUES (89, N'a', 6, 50, 200000, 100000, 70, 1)
INSERT dbo.TOUR(MaTour, TenTour, ThoiLuong, SoNguoiToiDa, GiaVe, GiaVeTE, DiemKH, TinhTrang) VALUES (21, N'd', 4, 50, 200000, 100000, 10, 0)
INSERT dbo.TOUR(MaTour, TenTour, ThoiLuong, SoNguoiToiDa, GiaVe, GiaVeTE, DiemKH, TinhTrang) VALUES (63, N'h', 4, 50, 200000, 100000, 19, 1)
INSERT dbo.TOUR(MaTour, TenTour, ThoiLuong, SoNguoiToiDa, GiaVe, GiaVeTE, DiemKH, TinhTrang) VALUES (32, N'a', 7, 50, 200000, 100000, 58, 0)
INSERT dbo.TOUR(MaTour, TenTour, ThoiLuong, SoNguoiToiDa, GiaVe, GiaVeTE, DiemKH, TinhTrang) VALUES (97, N'k', 6, 50, 200000, 100000, 32, 0)
INSERT dbo.TOUR(MaTour, TenTour, ThoiLuong, SoNguoiToiDa, GiaVe, GiaVeTE, DiemKH, TinhTrang) VALUES (54, N'e', 3, 50, 200000, 100000, 48, 1)
INSERT dbo.TOUR(MaTour, TenTour, ThoiLuong, SoNguoiToiDa, GiaVe, GiaVeTE, DiemKH, TinhTrang) VALUES (42, N'e', 7, 50, 200000, 100000, 32, 0)
INSERT dbo.TOUR(MaTour, TenTour, ThoiLuong, SoNguoiToiDa, GiaVe, GiaVeTE, DiemKH, TinhTrang) VALUES (12, N'b', 5, 50, 200000, 100000, 20, 0)
INSERT dbo.TOUR(MaTour, TenTour, ThoiLuong, SoNguoiToiDa, GiaVe, GiaVeTE, DiemKH, TinhTrang) VALUES (33, N'i', 7, 50, 200000, 100000, 81, 1)
INSERT dbo.TOUR(MaTour, TenTour, ThoiLuong, SoNguoiToiDa, GiaVe, GiaVeTE, DiemKH, TinhTrang) VALUES (22, N'r', 3, 50, 200000, 100000, 78, 1)
INSERT dbo.TOUR(MaTour, TenTour, ThoiLuong, SoNguoiToiDa, GiaVe, GiaVeTE, DiemKH, TinhTrang) VALUES (90, N'k', 4, 50, 200000, 100000, 49, 0)
INSERT dbo.TOUR(MaTour, TenTour, ThoiLuong, SoNguoiToiDa, GiaVe, GiaVeTE, DiemKH, TinhTrang) VALUES (64, N'p', 6, 50, 200000, 100000, 70, 1)
INSERT dbo.TOUR(MaTour, TenTour, ThoiLuong, SoNguoiToiDa, GiaVe, GiaVeTE, DiemKH, TinhTrang) VALUES (82, N'q', 6, 50, 200000, 100000, 20, 1)
INSERT dbo.TOUR(MaTour, TenTour, ThoiLuong, SoNguoiToiDa, GiaVe, GiaVeTE, DiemKH, TinhTrang) VALUES (55, N'a', 4, 50, 200000, 100000, 18, 1)
INSERT dbo.TOUR(MaTour, TenTour, ThoiLuong, SoNguoiToiDa, GiaVe, GiaVeTE, DiemKH, TinhTrang) VALUES (98, N'a', 3, 50, 200000, 100000, 10, 0)
GO

--
-- Inserting data into table dbo.CHUYENDI
--
INSERT dbo.CHUYENDI(MaCD, NgayKhoiHanh, SoGheTrong, MaHDV, MaTour) VALUES (96, '2022-07-25', 3, 62, 41)
INSERT dbo.CHUYENDI(MaCD, NgayKhoiHanh, SoGheTrong, MaHDV, MaTour) VALUES (48, '2021-09-20', 10, 96, 12)
INSERT dbo.CHUYENDI(MaCD, NgayKhoiHanh, SoGheTrong, MaHDV, MaTour) VALUES (58, '2021-09-04', 7, 78, 54)
INSERT dbo.CHUYENDI(MaCD, NgayKhoiHanh, SoGheTrong, MaHDV, MaTour) VALUES (89, '2021-11-15', 5, 88, 54)
INSERT dbo.CHUYENDI(MaCD, NgayKhoiHanh, SoGheTrong, MaHDV, MaTour) VALUES (18, '2022-04-18', 10, 70, 42)
INSERT dbo.CHUYENDI(MaCD, NgayKhoiHanh, SoGheTrong, MaHDV, MaTour) VALUES (28, '2021-08-22', 6, 62, 32)
INSERT dbo.CHUYENDI(MaCD, NgayKhoiHanh, SoGheTrong, MaHDV, MaTour) VALUES (74, '2022-04-07', 2, 50, 63)
INSERT dbo.CHUYENDI(MaCD, NgayKhoiHanh, SoGheTrong, MaHDV, MaTour) VALUES (84, '2021-10-03', 7, 61, 97)
INSERT dbo.CHUYENDI(MaCD, NgayKhoiHanh, SoGheTrong, MaHDV, MaTour) VALUES (30, '2022-05-10', 1, 78, 10)
INSERT dbo.CHUYENDI(MaCD, NgayKhoiHanh, SoGheTrong, MaHDV, MaTour) VALUES (40, '2022-05-07', 1, 80, 41)
INSERT dbo.CHUYENDI(MaCD, NgayKhoiHanh, SoGheTrong, MaHDV, MaTour) VALUES (75, '2021-08-05', 4, 70, 82)
INSERT dbo.CHUYENDI(MaCD, NgayKhoiHanh, SoGheTrong, MaHDV, MaTour) VALUES (49, '2021-11-07', 5, 61, 96)
INSERT dbo.CHUYENDI(MaCD, NgayKhoiHanh, SoGheTrong, MaHDV, MaTour) VALUES (31, '2021-08-01', 4, 62, 20)
INSERT dbo.CHUYENDI(MaCD, NgayKhoiHanh, SoGheTrong, MaHDV, MaTour) VALUES (41, '2021-12-08', 9, 77, 90)
INSERT dbo.CHUYENDI(MaCD, NgayKhoiHanh, SoGheTrong, MaHDV, MaTour) VALUES (85, '2021-08-22', 7, 77, 96)
INSERT dbo.CHUYENDI(MaCD, NgayKhoiHanh, SoGheTrong, MaHDV, MaTour) VALUES (97, '2022-05-01', 7, 68, 64)
INSERT dbo.CHUYENDI(MaCD, NgayKhoiHanh, SoGheTrong, MaHDV, MaTour) VALUES (76, '2021-08-03', 7, 61, 97)
INSERT dbo.CHUYENDI(MaCD, NgayKhoiHanh, SoGheTrong, MaHDV, MaTour) VALUES (59, '2021-10-09', 1, 80, 41)
INSERT dbo.CHUYENDI(MaCD, NgayKhoiHanh, SoGheTrong, MaHDV, MaTour) VALUES (90, '2021-08-09', 7, 78, 82)
INSERT dbo.CHUYENDI(MaCD, NgayKhoiHanh, SoGheTrong, MaHDV, MaTour) VALUES (50, '2022-06-01', 9, 80, 54)
GO

--
-- Inserting data into table dbo.DIEMDEN
--
INSERT dbo.DIEMDEN(MaDiemDen, MaTour, MaDD) VALUES (50, 12, 32)
INSERT dbo.DIEMDEN(MaDiemDen, MaTour, MaDD) VALUES (71, 10, 20)
INSERT dbo.DIEMDEN(MaDiemDen, MaTour, MaDD) VALUES (60, 82, 70)
INSERT dbo.DIEMDEN(MaDiemDen, MaTour, MaDD) VALUES (37, 41, 57)
INSERT dbo.DIEMDEN(MaDiemDen, MaTour, MaDD) VALUES (51, 98, 58)
INSERT dbo.DIEMDEN(MaDiemDen, MaTour, MaDD) VALUES (47, 90, 20)
INSERT dbo.DIEMDEN(MaDiemDen, MaTour, MaDD) VALUES (93, 97, 18)
INSERT dbo.DIEMDEN(MaDiemDen, MaTour, MaDD) VALUES (19, 63, 69)
INSERT dbo.DIEMDEN(MaDiemDen, MaTour, MaDD) VALUES (38, 32, 78)
INSERT dbo.DIEMDEN(MaDiemDen, MaTour, MaDD) VALUES (29, 21, 18)
INSERT dbo.DIEMDEN(MaDiemDen, MaTour, MaDD) VALUES (86, 32, 10)
INSERT dbo.DIEMDEN(MaDiemDen, MaTour, MaDD) VALUES (94, 10, 32)
INSERT dbo.DIEMDEN(MaDiemDen, MaTour, MaDD) VALUES (61, 21, 31)
INSERT dbo.DIEMDEN(MaDiemDen, MaTour, MaDD) VALUES (81, 96, 18)
INSERT dbo.DIEMDEN(MaDiemDen, MaTour, MaDD) VALUES (72, 98, 78)
INSERT dbo.DIEMDEN(MaDiemDen, MaTour, MaDD) VALUES (52, 32, 19)
INSERT dbo.DIEMDEN(MaDiemDen, MaTour, MaDD) VALUES (10, 41, 57)
INSERT dbo.DIEMDEN(MaDiemDen, MaTour, MaDD) VALUES (87, 33, 79)
INSERT dbo.DIEMDEN(MaDiemDen, MaTour, MaDD) VALUES (20, 55, 69)
INSERT dbo.DIEMDEN(MaDiemDen, MaTour, MaDD) VALUES (82, 20, 69)
GO

--
-- Inserting data into table dbo.GIAODICH
--
INSERT dbo.GIAODICH(MaGD, NgayGD, SoVe, SoVeTE, TongTien, Note, CCCDKH, MaCD) VALUES (77, '2021-09-03', 1, 19, 0, N'Patio', 1572, 97)
INSERT dbo.GIAODICH(MaGD, NgayGD, SoVe, SoVeTE, TongTien, Note, CCCDKH, MaCD) VALUES (52, '2022-01-29', 9, 14, 0, N'Outdoors', 1305, 89)
INSERT dbo.GIAODICH(MaGD, NgayGD, SoVe, SoVeTE, TongTien, Note, CCCDKH, MaCD) VALUES (68, '2022-07-27', 16, 12, 0, N'Pharmacy', 1812, 28)
INSERT dbo.GIAODICH(MaGD, NgayGD, SoVe, SoVeTE, TongTien, Note, CCCDKH, MaCD) VALUES (78, '2022-03-26', 11, 14, 0, N'Electronics', 1572, 58)
INSERT dbo.GIAODICH(MaGD, NgayGD, SoVe, SoVeTE, TongTien, Note, CCCDKH, MaCD) VALUES (62, '2021-08-01', 19, 9, 0, N'Pharmacy', 1176, 84)
INSERT dbo.GIAODICH(MaGD, NgayGD, SoVe, SoVeTE, TongTien, Note, CCCDKH, MaCD) VALUES (69, '2022-06-29', 2, 5, 0, N'Garden', 1206, 18)
INSERT dbo.GIAODICH(MaGD, NgayGD, SoVe, SoVeTE, TongTien, Note, CCCDKH, MaCD) VALUES (79, '2021-09-01', 5, 19, 0, N'Books', 1177, 58)
INSERT dbo.GIAODICH(MaGD, NgayGD, SoVe, SoVeTE, TongTien, Note, CCCDKH, MaCD) VALUES (26, '2021-09-29', 20, 13, 0, N'Clothing', 1205, 18)
INSERT dbo.GIAODICH(MaGD, NgayGD, SoVe, SoVeTE, TongTien, Note, CCCDKH, MaCD) VALUES (53, '2021-11-09', 4, 16, 0, N'Sports', 1570, 97)
INSERT dbo.GIAODICH(MaGD, NgayGD, SoVe, SoVeTE, TongTien, Note, CCCDKH, MaCD) VALUES (96, '2021-08-08', 18, 14, 0, N'Jewelry', 1177, 48)
INSERT dbo.GIAODICH(MaGD, NgayGD, SoVe, SoVeTE, TongTien, Note, CCCDKH, MaCD) VALUES (70, '2021-11-03', 20, 0, 0, N'Electronics', 1470, 30)
INSERT dbo.GIAODICH(MaGD, NgayGD, SoVe, SoVeTE, TongTien, Note, CCCDKH, MaCD) VALUES (89, '2022-03-05', 15, 14, 0, N'Music', 1177, 58)
INSERT dbo.GIAODICH(MaGD, NgayGD, SoVe, SoVeTE, TongTien, Note, CCCDKH, MaCD) VALUES (97, '2021-08-05', 17, 17, 0, N'Baby', 1472, 59)
INSERT dbo.GIAODICH(MaGD, NgayGD, SoVe, SoVeTE, TongTien, Note, CCCDKH, MaCD) VALUES (80, '2021-11-28', 11, 20, 0, N'Movies', 1571, 59)
INSERT dbo.GIAODICH(MaGD, NgayGD, SoVe, SoVeTE, TongTien, Note, CCCDKH, MaCD) VALUES (63, '2021-10-05', 12, 1, 0, N'Garden', 1763, 76)
INSERT dbo.GIAODICH(MaGD, NgayGD, SoVe, SoVeTE, TongTien, Note, CCCDKH, MaCD) VALUES (71, '2021-12-01', 12, 18, 0, N'Books', 1812, 31)
INSERT dbo.GIAODICH(MaGD, NgayGD, SoVe, SoVeTE, TongTien, Note, CCCDKH, MaCD) VALUES (29, '2021-09-22', 6, 16, 0, N'Health', 1472, 76)
INSERT dbo.GIAODICH(MaGD, NgayGD, SoVe, SoVeTE, TongTien, Note, CCCDKH, MaCD) VALUES (39, '2022-04-22', 8, 15, 0, N'Outdoors', 1205, 97)
INSERT dbo.GIAODICH(MaGD, NgayGD, SoVe, SoVeTE, TongTien, Note, CCCDKH, MaCD) VALUES (81, '2022-04-03', 13, 13, 0, N'Audible', 1572, 49)
INSERT dbo.GIAODICH(MaGD, NgayGD, SoVe, SoVeTE, TongTien, Note, CCCDKH, MaCD) VALUES (30, '2021-11-20', 3, 20, 0, N'Clothing', 1663, 84)
GO

--
-- Inserting data into table dbo.MOTA
--
INSERT dbo.MOTA(MaMoTa, MaTour, STT, Picture, Descript) VALUES (100, 22, 20, 'h', N'Serbian')
INSERT dbo.MOTA(MaMoTa, MaTour, STT, Picture, Descript) VALUES (93, 90, 12, 'b', N'Indonesian')
INSERT dbo.MOTA(MaMoTa, MaTour, STT, Picture, Descript) VALUES (60, 11, 38, 'k', N'Twi')
INSERT dbo.MOTA(MaMoTa, MaTour, STT, Picture, Descript) VALUES (51, 97, 85, 'm', N'Tsonga')
INSERT dbo.MOTA(MaMoTa, MaTour, STT, Picture, Descript) VALUES (20, 98, 38, 'u', N'Twi')
INSERT dbo.MOTA(MaMoTa, MaTour, STT, Picture, Descript) VALUES (61, 55, 47, 'z', N'Xhosa')
INSERT dbo.MOTA(MaMoTa, MaTour, STT, Picture, Descript) VALUES (84, 33, 74, 'b', N'Kongo')
INSERT dbo.MOTA(MaMoTa, MaTour, STT, Picture, Descript) VALUES (75, 20, 7, 'i', N'Aragonese')
INSERT dbo.MOTA(MaMoTa, MaTour, STT, Picture, Descript) VALUES (85, 41, 8, 'r', N'Armenian')
INSERT dbo.MOTA(MaMoTa, MaTour, STT, Picture, Descript) VALUES (86, 21, 49, 'y', N'Oromo')
INSERT dbo.MOTA(MaMoTa, MaTour, STT, Picture, Descript) VALUES (52, 97, 36, 'j', N'Esperanto')
INSERT dbo.MOTA(MaMoTa, MaTour, STT, Picture, Descript) VALUES (36, 54, 35, 'i', N'Tsonga')
INSERT dbo.MOTA(MaMoTa, MaTour, STT, Picture, Descript) VALUES (11, 98, 70, 'u', N'Kazakh')
INSERT dbo.MOTA(MaMoTa, MaTour, STT, Picture, Descript) VALUES (46, 96, 100, 'h', N'Zulu')
INSERT dbo.MOTA(MaMoTa, MaTour, STT, Picture, Descript) VALUES (37, 90, 22, 'n', N'Bulgarian')
INSERT dbo.MOTA(MaMoTa, MaTour, STT, Picture, Descript) VALUES (62, 90, 100, 'p', N'Zulu')
INSERT dbo.MOTA(MaMoTa, MaTour, STT, Picture, Descript) VALUES (47, 63, 84, 'i', N'Tswana')
INSERT dbo.MOTA(MaMoTa, MaTour, STT, Picture, Descript) VALUES (94, 42, 9, 'f', N'Assamese')
INSERT dbo.MOTA(MaMoTa, MaTour, STT, Picture, Descript) VALUES (21, 11, 69, 'm', N'Sardinian')
INSERT dbo.MOTA(MaMoTa, MaTour, STT, Picture, Descript) VALUES (53, 33, 90, 'o', N'Urdu')
GO

--
-- Inserting data into table dbo.QLTOUR
--
INSERT dbo.QLTOUR(MaQuanLyTour, MaTour, MaHDV) VALUES (87, 90, 62)
INSERT dbo.QLTOUR(MaQuanLyTour, MaTour, MaHDV) VALUES (64, 96, 68)
INSERT dbo.QLTOUR(MaQuanLyTour, MaTour, MaHDV) VALUES (95, 97, 97)
INSERT dbo.QLTOUR(MaQuanLyTour, MaTour, MaHDV) VALUES (19, 20, 60)
INSERT dbo.QLTOUR(MaQuanLyTour, MaTour, MaHDV) VALUES (10, 42, 62)
INSERT dbo.QLTOUR(MaQuanLyTour, MaTour, MaHDV) VALUES (20, 10, 68)
INSERT dbo.QLTOUR(MaQuanLyTour, MaTour, MaHDV) VALUES (88, 90, 62)
INSERT dbo.QLTOUR(MaQuanLyTour, MaTour, MaHDV) VALUES (55, 82, 50)
INSERT dbo.QLTOUR(MaQuanLyTour, MaTour, MaHDV) VALUES (96, 64, 71)
INSERT dbo.QLTOUR(MaQuanLyTour, MaTour, MaHDV) VALUES (65, 98, 67)
INSERT dbo.QLTOUR(MaQuanLyTour, MaTour, MaHDV) VALUES (11, 54, 77)
INSERT dbo.QLTOUR(MaQuanLyTour, MaTour, MaHDV) VALUES (21, 21, 71)
INSERT dbo.QLTOUR(MaQuanLyTour, MaTour, MaHDV) VALUES (56, 98, 50)
INSERT dbo.QLTOUR(MaQuanLyTour, MaTour, MaHDV) VALUES (12, 63, 69)
INSERT dbo.QLTOUR(MaQuanLyTour, MaTour, MaHDV) VALUES (66, 22, 88)
INSERT dbo.QLTOUR(MaQuanLyTour, MaTour, MaHDV) VALUES (70, 98, 77)
INSERT dbo.QLTOUR(MaQuanLyTour, MaTour, MaHDV) VALUES (36, 42, 69)
INSERT dbo.QLTOUR(MaQuanLyTour, MaTour, MaHDV) VALUES (89, 82, 97)
INSERT dbo.QLTOUR(MaQuanLyTour, MaTour, MaHDV) VALUES (46, 42, 70)
INSERT dbo.QLTOUR(MaQuanLyTour, MaTour, MaHDV) VALUES (37, 42, 52)
GO

--
-- Set NOEXEC to off
--